source,season,tournament,date,round,group,home_team,away_team,home_code,away_code,home_goals,away_goals,home_goals_ht,away_goals_ht,venue,city,status,home_xg,away_xg
openfootball,2010,South Africa 2010,2010-06-11 00:00:00+00:00,Matchday 1,Group A,South Africa,Mexico,,,1.0,1.0,,,"Soccer City, Johannesburg","Soccer City, Johannesburg",completed,,
openfootball,2010,South Africa 2010,2010-06-11 00:00:00+00:00,Matchday 1,Group A,Uruguay,France,,,0.0,0.0,,,"Cape Town Stadium, Cape Town","Cape Town Stadium, Cape Town",completed,,
openfootball,2010,South Africa 2010,2010-06-16 00:00:00+00:00,Matchday 6,Group A,South Africa,Uruguay,,,0.0,3.0,,,"Loftus Versfeld Stadium, Pretoria","Loftus Versfeld Stadium, Pretoria",completed,,
openfootball,2010,South Africa 2010,2010-06-17 00:00:00+00:00,Matchday 7,Group A,France,Mexico,,,0.0,2.0,,,"Peter Mokaba Stadium, Polokwane","Peter Mokaba Stadium, Polokwane",completed,,
openfootball,2010,South Africa 2010,2010-06-22 00:00:00+00:00,Matchday 12,Group A,Mexico,Uruguay,,,0.0,1.0,,,"Royal Bafokeng Stadium, Rustenburg","Royal Bafokeng Stadium, Rustenburg",completed,,
openfootball,2010,South Africa 2010,2010-06-22 00:00:00+00:00,Matchday 12,Group A,France,South Africa,,,1.0,2.0,,,"Free State Stadium, Bloemfontein","Free State Stadium, Bloemfontein",completed,,
openfootball,2010,South Africa 2010,2010-06-12 00:00:00+00:00,Matchday 2,Group B,South Korea,Greece,,,2.0,0.0,,,"Nelson Mandela Bay Stadium, Port Elizabeth","Nelson Mandela Bay Stadium, Port Elizabeth",completed,,
openfootball,2010,South Africa 2010,2010-06-12 00:00:00+00:00,Matchday 2,Group B,Argentina,Nigeria,,,1.0,0.0,,,"Ellis Park Stadium, Johannesburg","Ellis Park Stadium, Johannesburg",completed,,
openfootball,2010,South Africa 2010,2010-06-17 00:00:00+00:00,Matchday 7,Group B,Argentina,South Korea,,,4.0,1.0,,,"Soccer City, Johannesburg","Soccer City, Johannesburg",completed,,
openfootball,2010,South Africa 2010,2010-06-17 00:00:00+00:00,Matchday 7,Group B,Greece,Nigeria,,,2.0,1.0,,,"Free State Stadium, Bloemfontein","Free State Stadium, Bloemfontein",completed,,
openfootball,2010,South Africa 2010,2010-06-22 00:00:00+00:00,Matchday 12,Group B,Nigeria,South Korea,,,2.0,2.0,,,"Moses Mabhida Stadium, Durban","Moses Mabhida Stadium, Durban",completed,,
openfootball,2010,South Africa 2010,2010-06-22 00:00:00+00:00,Matchday 12,Group B,Greece,Argentina,,,0.0,2.0,,,"Peter Mokaba Stadium, Polokwane","Peter Mokaba Stadium, Polokwane",completed,,
openfootball,2010,South Africa 2010,2010-06-12 00:00:00+00:00,Matchday 2,Group C,England,USA,,,1.0,1.0,,,"Royal Bafokeng Stadium, Rustenburg","Royal Bafokeng Stadium, Rustenburg",completed,,
openfootball,2010,South Africa 2010,2010-06-13 00:00:00+00:00,Matchday 3,Group C,Algeria,Slovenia,,,0.0,1.0,,,"Peter Mokaba Stadium, Polokwane","Peter Mokaba Stadium, Polokwane",completed,,
openfootball,2010,South Africa 2010,2010-06-18 00:00:00+00:00,Matchday 8,Group C,Slovenia,USA,,,2.0,2.0,,,"Ellis Park Stadium, Johannesburg","Ellis Park Stadium, Johannesburg",completed,,
openfootball,2010,South Africa 2010,2010-06-18 00:00:00+00:00,Matchday 8,Group C,England,Algeria,,,0.0,0.0,,,"Cape Town Stadium, Cape Town","Cape Town Stadium, Cape Town",completed,,
openfootball,2010,South Africa 2010,2010-06-23 00:00:00+00:00,Matchday 13,Group C,USA,Algeria,,,1.0,0.0,,,"Loftus Versfeld Stadium, Pretoria","Loftus Versfeld Stadium, Pretoria",completed,,
openfootball,2010,South Africa 2010,2010-06-23 00:00:00+00:00,Matchday 13,Group C,Slovenia,England,,,0.0,1.0,,,"Nelson Mandela Bay Stadium, Port Elizabeth","Nelson Mandela Bay Stadium, Port Elizabeth",completed,,
openfootball,2010,South Africa 2010,2010-06-13 00:00:00+00:00,Matchday 3,Group D,Serbia,Ghana,,,0.0,1.0,,,"Loftus Versfeld Stadium, Pretoria","Loftus Versfeld Stadium, Pretoria",completed,,
openfootball,2010,South Africa 2010,2010-06-13 00:00:00+00:00,Matchday 3,Group D,Germany,Australia,,,4.0,0.0,,,"Moses Mabhida Stadium, Durban","Moses Mabhida Stadium, Durban",completed,,
openfootball,2010,South Africa 2010,2010-06-18 00:00:00+00:00,Matchday 8,Group D,Germany,Serbia,,,0.0,1.0,,,"Nelson Mandela Bay Stadium, Port Elizabeth","Nelson Mandela Bay Stadium, Port Elizabeth",completed,,
openfootball,2010,South Africa 2010,2010-06-19 00:00:00+00:00,Matchday 9,Group D,Ghana,Australia,,,1.0,1.0,,,"Royal Bafokeng Stadium, Rustenburg","Royal Bafokeng Stadium, Rustenburg",completed,,
openfootball,2010,South Africa 2010,2010-06-23 00:00:00+00:00,Matchday 13,Group D,Australia,Serbia,,,2.0,1.0,,,"Mbombela Stadium, Nelspruit","Mbombela Stadium, Nelspruit",completed,,
openfootball,2010,South Africa 2010,2010-06-23 00:00:00+00:00,Matchday 13,Group D,Ghana,Germany,,,0.0,1.0,,,"Soccer City, Johannesburg","Soccer City, Johannesburg",completed,,
openfootball,2010,South Africa 2010,2010-06-14 00:00:00+00:00,Matchday 4,Group E,Netherlands,Denmark,,,2.0,0.0,,,"Soccer City, Johannesburg","Soccer City, Johannesburg",completed,,
openfootball,2010,South Africa 2010,2010-06-14 00:00:00+00:00,Matchday 4,Group E,Japan,Cameroon,,,1.0,0.0,,,"Free State Stadium, Bloemfontein","Free State Stadium, Bloemfontein",completed,,
openfootball,2010,South Africa 2010,2010-06-19 00:00:00+00:00,Matchday 9,Group E,Netherlands,Japan,,,1.0,0.0,,,"Moses Mabhida Stadium, Durban","Moses Mabhida Stadium, Durban",completed,,
openfootball,2010,South Africa 2010,2010-06-19 00:00:00+00:00,Matchday 9,Group E,Cameroon,Denmark,,,1.0,2.0,,,"Loftus Versfeld Stadium, Pretoria","Loftus Versfeld Stadium, Pretoria",completed,,
openfootball,2010,South Africa 2010,2010-06-24 00:00:00+00:00,Matchday 14,Group E,Denmark,Japan,,,1.0,3.0,,,"Royal Bafokeng Stadium, Rustenburg","Royal Bafokeng Stadium, Rustenburg",completed,,
openfootball,2010,South Africa 2010,2010-06-24 00:00:00+00:00,Matchday 14,Group E,Cameroon,Netherlands,,,1.0,2.0,,,"Cape Town Stadium, Cape Town","Cape Town Stadium, Cape Town",completed,,
openfootball,2010,South Africa 2010,2010-06-14 00:00:00+00:00,Matchday 4,Group F,Italy,Paraguay,,,1.0,1.0,,,"Cape Town Stadium, Cape Town","Cape Town Stadium, Cape Town",completed,,
openfootball,2010,South Africa 2010,2010-06-15 00:00:00+00:00,Matchday 5,Group F,New Zealand,Slovakia,,,1.0,1.0,,,"Royal Bafokeng Stadium, Rustenburg","Royal Bafokeng Stadium, Rustenburg",completed,,
openfootball,2010,South Africa 2010,2010-06-20 00:00:00+00:00,Matchday 10,Group F,Slovakia,Paraguay,,,0.0,2.0,,,"Free State Stadium, Bloemfontein","Free State Stadium, Bloemfontein",completed,,
openfootball,2010,South Africa 2010,2010-06-20 00:00:00+00:00,Matchday 10,Group F,Italy,New Zealand,,,1.0,1.0,,,"Mbombela Stadium, Nelspruit","Mbombela Stadium, Nelspruit",completed,,
openfootball,2010,South Africa 2010,2010-06-24 00:00:00+00:00,Matchday 14,Group F,Slovakia,Italy,,,3.0,2.0,,,"Ellis Park Stadium, Johannesburg","Ellis Park Stadium, Johannesburg",completed,,
openfootball,2010,South Africa 2010,2010-06-24 00:00:00+00:00,Matchday 14,Group F,Paraguay,New Zealand,,,0.0,0.0,,,"Peter Mokaba Stadium, Polokwane","Peter Mokaba Stadium, Polokwane",completed,,
openfootball,2010,South Africa 2010,2010-06-15 00:00:00+00:00,Matchday 5,Group G,Côte d'Ivoire,Portugal,,,0.0,0.0,,,"Nelson Mandela Bay Stadium, Port Elizabeth","Nelson Mandela Bay Stadium, Port Elizabeth",completed,,
openfootball,2010,South Africa 2010,2010-06-15 00:00:00+00:00,Matchday 5,Group G,Brazil,North Korea,,,2.0,1.0,,,"Ellis Park Stadium, Johannesburg","Ellis Park Stadium, Johannesburg",completed,,
openfootball,2010,South Africa 2010,2010-06-20 00:00:00+00:00,Matchday 10,Group G,Brazil,Côte d'Ivoire,,,3.0,1.0,,,"Soccer City, Johannesburg","Soccer City, Johannesburg",completed,,
openfootball,2010,South Africa 2010,2010-06-21 00:00:00+00:00,Matchday 11,Group G,Portugal,North Korea,,,7.0,0.0,,,"Cape Town Stadium, Cape Town","Cape Town Stadium, Cape Town",completed,,
openfootball,2010,South Africa 2010,2010-06-25 00:00:00+00:00,Matchday 15,Group G,Portugal,Brazil,,,0.0,0.0,,,"Moses Mabhida Stadium, Durban","Moses Mabhida Stadium, Durban",completed,,
openfootball,2010,South Africa 2010,2010-06-25 00:00:00+00:00,Matchday 15,Group G,North Korea,Côte d'Ivoire,,,0.0,3.0,,,"Mbombela Stadium, Nelspruit","Mbombela Stadium, Nelspruit",completed,,
openfootball,2010,South Africa 2010,2010-06-16 00:00:00+00:00,Matchday 6,Group H,Honduras,Chile,,,0.0,1.0,,,"Mbombela Stadium, Nelspruit","Mbombela Stadium, Nelspruit",completed,,
openfootball,2010,South Africa 2010,2010-06-16 00:00:00+00:00,Matchday 6,Group H,Spain,Switzerland,,,0.0,1.0,,,"Moses Mabhida Stadium, Durban","Moses Mabhida Stadium, Durban",completed,,
openfootball,2010,South Africa 2010,2010-06-21 00:00:00+00:00,Matchday 11,Group H,Chile,Switzerland,,,1.0,0.0,,,"Nelson Mandela Bay Stadium, Port Elizabeth","Nelson Mandela Bay Stadium, Port Elizabeth",completed,,
openfootball,2010,South Africa 2010,2010-06-21 00:00:00+00:00,Matchday 11,Group H,Spain,Honduras,,,2.0,0.0,,,"Ellis Park Stadium, Johannesburg","Ellis Park Stadium, Johannesburg",completed,,
openfootball,2010,South Africa 2010,2010-06-25 00:00:00+00:00,Matchday 15,Group H,Chile,Spain,,,1.0,2.0,,,"Loftus Versfeld Stadium, Pretoria","Loftus Versfeld Stadium, Pretoria",completed,,
openfootball,2010,South Africa 2010,2010-06-25 00:00:00+00:00,Matchday 15,Group H,Switzerland,Honduras,,,0.0,0.0,,,"Free State Stadium, Bloemfontein","Free State Stadium, Bloemfontein",completed,,
openfootball,2010,South Africa 2010,2010-06-26 00:00:00+00:00,Round of 16,Round of 16,Uruguay,South Korea,,,2.0,1.0,,,"Nelson Mandela Bay Stadium, Port Elizabeth","Nelson Mandela Bay Stadium, Port Elizabeth",completed,,
openfootball,2010,South Africa 2010,2010-06-26 00:00:00+00:00,Round of 16,Round of 16,USA,Ghana,,,1.0,1.0,,,"Royal Bafokeng Stadium, Rustenburg","Royal Bafokeng Stadium, Rustenburg",completed,,
openfootball,2010,South Africa 2010,2010-06-27 00:00:00+00:00,Round of 16,Round of 16,Germany,England,,,4.0,1.0,,,"Free State Stadium, Bloemfontein","Free State Stadium, Bloemfontein",completed,,
openfootball,2010,South Africa 2010,2010-06-27 00:00:00+00:00,Round of 16,Round of 16,Argentina,Mexico,,,3.0,1.0,,,"Soccer City, Johannesburg","Soccer City, Johannesburg",completed,,
openfootball,2010,South Africa 2010,2010-06-28 00:00:00+00:00,Round of 16,Round of 16,Netherlands,Slovakia,,,2.0,1.0,,,"Moses Mabhida Stadium, Durban","Moses Mabhida Stadium, Durban",completed,,
openfootball,2010,South Africa 2010,2010-06-28 00:00:00+00:00,Round of 16,Round of 16,Brazil,Chile,,,3.0,0.0,,,"Ellis Park Stadium, Johannesburg","Ellis Park Stadium, Johannesburg",completed,,
openfootball,2010,South Africa 2010,2010-06-29 00:00:00+00:00,Round of 16,Round of 16,Paraguay,Japan,,,0.0,0.0,,,"Loftus Versfeld Stadium, Pretoria","Loftus Versfeld Stadium, Pretoria",completed,,
openfootball,2010,South Africa 2010,2010-06-29 00:00:00+00:00,Round of 16,Round of 16,Spain,Portugal,,,1.0,0.0,,,"Cape Town Stadium, Cape Town","Cape Town Stadium, Cape Town",completed,,
openfootball,2010,South Africa 2010,2010-07-02 00:00:00+00:00,Quarterfinals,Quarterfinals,Netherlands,Brazil,,,2.0,1.0,,,"Nelson Mandela Bay Stadium, Port Elizabeth","Nelson Mandela Bay Stadium, Port Elizabeth",completed,,
openfootball,2010,South Africa 2010,2010-07-02 00:00:00+00:00,Quarterfinals,Quarterfinals,Uruguay,Ghana,,,1.0,1.0,,,"Soccer City, Johannesburg","Soccer City, Johannesburg",completed,,
openfootball,2010,South Africa 2010,2010-07-03 00:00:00+00:00,Quarterfinals,Quarterfinals,Argentina,Germany,,,0.0,4.0,,,"Cape Town Stadium, Cape Town","Cape Town Stadium, Cape Town",completed,,
openfootball,2010,South Africa 2010,2010-07-03 00:00:00+00:00,Quarterfinals,Quarterfinals,Paraguay,Spain,,,0.0,1.0,,,"Ellis Park Stadium, Johannesburg","Ellis Park Stadium, Johannesburg",completed,,
openfootball,2010,South Africa 2010,2010-07-06 00:00:00+00:00,Semifinals,Semifinals,Uruguay,Netherlands,,,2.0,3.0,,,"Cape Town Stadium, Cape Town","Cape Town Stadium, Cape Town",completed,,
openfootball,2010,South Africa 2010,2010-07-07 00:00:00+00:00,Semifinals,Semifinals,Germany,Spain,,,0.0,1.0,,,"Moses Mabhida Stadium, Durban","Moses Mabhida Stadium, Durban",completed,,
openfootball,2010,South Africa 2010,2010-07-10 00:00:00+00:00,Third-place play-off,Third-place play-off,Uruguay,Germany,,,2.0,3.0,,,"Nelson Mandela Bay Stadium, Port Elizabeth","Nelson Mandela Bay Stadium, Port Elizabeth",completed,,
openfootball,2010,South Africa 2010,2010-07-11 00:00:00+00:00,Final,Final,Netherlands,Spain,,,0.0,0.0,,,"Soccer City, Johannesburg","Soccer City, Johannesburg",completed,,
openfootball,2014,Brazil 2014,,Matchday 1,Group A,Brazil,Croatia,,,3.0,1.0,1.0,1.0,"Arena de São Paulo, São Paulo","Arena de São Paulo, São Paulo",completed,,
openfootball,2014,Brazil 2014,,Matchday 2,Group A,Mexico,Cameroon,,,1.0,0.0,0.0,0.0,"Estádio das Dunas, Natal","Estádio das Dunas, Natal",completed,,
openfootball,2014,Brazil 2014,,Matchday 6,Group A,Brazil,Mexico,,,0.0,0.0,,,"Estádio Castelão, Fortaleza","Estádio Castelão, Fortaleza",completed,,
openfootball,2014,Brazil 2014,,Matchday 7,Group A,Cameroon,Croatia,,,0.0,4.0,,,"Arena Amazônia, Manaus","Arena Amazônia, Manaus",completed,,
openfootball,2014,Brazil 2014,,Matchday 12,Group A,Cameroon,Brazil,,,1.0,4.0,,,"Estádio Nacional Mané Garrincha, Brasília","Estádio Nacional Mané Garrincha, Brasília",completed,,
openfootball,2014,Brazil 2014,,Matchday 12,Group A,Croatia,Mexico,,,1.0,3.0,,,"Arena Pernambuco, Recife","Arena Pernambuco, Recife",completed,,
openfootball,2014,Brazil 2014,,Matchday 2,Group B,Spain,Netherlands,,,1.0,5.0,1.0,1.0,"Arena Fonte Nova, Salvador","Arena Fonte Nova, Salvador",completed,,
openfootball,2014,Brazil 2014,,Matchday 2,Group B,Chile,Australia,,,3.0,1.0,2.0,1.0,"Arena Pantanal, Cuiabá","Arena Pantanal, Cuiabá",completed,,
openfootball,2014,Brazil 2014,,Matchday 7,Group B,Australia,Netherlands,,,2.0,3.0,,,"Estádio Beira-Rio, Porto Alegre","Estádio Beira-Rio, Porto Alegre",completed,,
openfootball,2014,Brazil 2014,,Matchday 7,Group B,Spain,Chile,,,0.0,2.0,,,"Estádio do Maracanã, Rio de Janeiro","Estádio do Maracanã, Rio de Janeiro",completed,,
openfootball,2014,Brazil 2014,,Matchday 12,Group B,Australia,Spain,,,0.0,3.0,,,"Arena da Baixada, Curitiba","Arena da Baixada, Curitiba",completed,,
openfootball,2014,Brazil 2014,,Matchday 12,Group B,Netherlands,Chile,,,2.0,0.0,,,"Arena de São Paulo, São Paulo","Arena de São Paulo, São Paulo",completed,,
openfootball,2014,Brazil 2014,,Matchday 3,Group C,Colombia,Greece,,,3.0,0.0,,,"Estádio Mineirão, Belo Horizonte","Estádio Mineirão, Belo Horizonte",completed,,
openfootball,2014,Brazil 2014,,Matchday 3,Group C,Côte d'Ivoire,Japan,,,2.0,1.0,,,"Arena Pernambuco, Recife","Arena Pernambuco, Recife",completed,,
openfootball,2014,Brazil 2014,,Matchday 8,Group C,Colombia,Côte d'Ivoire,,,2.0,1.0,,,"Estádio Nacional Mané Garrincha, Brasília","Estádio Nacional Mané Garrincha, Brasília",completed,,
openfootball,2014,Brazil 2014,,Matchday 8,Group C,Japan,Greece,,,0.0,0.0,,,"Estádio das Dunas, Natal","Estádio das Dunas, Natal",completed,,
openfootball,2014,Brazil 2014,,Matchday 13,Group C,Japan,Colombia,,,1.0,4.0,,,"Arena Pantanal, Cuiabá","Arena Pantanal, Cuiabá",completed,,
openfootball,2014,Brazil 2014,,Matchday 13,Group C,Greece,Côte d'Ivoire,,,2.0,1.0,,,"Estádio Castelão, Fortaleza","Estádio Castelão, Fortaleza",completed,,
openfootball,2014,Brazil 2014,,Matchday 3,Group D,Uruguay,Costa Rica,,,1.0,3.0,,,"Estádio Castelão, Fortaleza","Estádio Castelão, Fortaleza",completed,,
openfootball,2014,Brazil 2014,,Matchday 3,Group D,England,Italy,,,1.0,2.0,,,"Arena Amazônia, Manaus","Arena Amazônia, Manaus",completed,,
openfootball,2014,Brazil 2014,,Matchday 8,Group D,Uruguay,England,,,2.0,1.0,,,"Arena de São Paulo, São Paulo","Arena de São Paulo, São Paulo",completed,,
openfootball,2014,Brazil 2014,,Matchday 9,Group D,Italy,Costa Rica,,,0.0,1.0,,,"Arena Pernambuco, Recife","Arena Pernambuco, Recife",completed,,
openfootball,2014,Brazil 2014,,Matchday 13,Group D,Italy,Uruguay,,,0.0,1.0,,,"Estádio das Dunas, Natal","Estádio das Dunas, Natal",completed,,
openfootball,2014,Brazil 2014,,Matchday 13,Group D,Costa Rica,England,,,0.0,0.0,,,"Estádio Mineirão, Belo Horizonte","Estádio Mineirão, Belo Horizonte",completed,,
openfootball,2014,Brazil 2014,,Matchday 4,Group E,Switzerland,Ecuador,,,2.0,1.0,,,"Estádio Nacional Mané Garrincha, Brasília","Estádio Nacional Mané Garrincha, Brasília",completed,,
openfootball,2014,Brazil 2014,,Matchday 4,Group E,France,Honduras,,,3.0,0.0,,,"Estádio Beira-Rio, Porto Alegre","Estádio Beira-Rio, Porto Alegre",completed,,
openfootball,2014,Brazil 2014,,Matchday 9,Group E,Switzerland,France,,,2.0,5.0,,,"Arena Fonte Nova, Salvador","Arena Fonte Nova, Salvador",completed,,
openfootball,2014,Brazil 2014,,Matchday 9,Group E,Honduras,Ecuador,,,1.0,2.0,,,"Arena da Baixada, Curitiba","Arena da Baixada, Curitiba",completed,,
openfootball,2014,Brazil 2014,,Matchday 14,Group E,Honduras,Switzerland,,,0.0,3.0,,,"Arena Amazônia, Manaus","Arena Amazônia, Manaus",completed,,
openfootball,2014,Brazil 2014,,Matchday 14,Group E,Ecuador,France,,,0.0,0.0,,,"Estádio do Maracanã, Rio de Janeiro","Estádio do Maracanã, Rio de Janeiro",completed,,
openfootball,2014,Brazil 2014,,Matchday 4,Group F,Argentina,Bosnia-Herzegovina,,,2.0,1.0,,,"Estádio do Maracanã, Rio de Janeiro","Estádio do Maracanã, Rio de Janeiro",completed,,
openfootball,2014,Brazil 2014,,Matchday 5,Group F,Iran,Nigeria,,,0.0,0.0,,,"Arena da Baixada, Curitiba","Arena da Baixada, Curitiba",completed,,
openfootball,2014,Brazil 2014,,Matchday 10,Group F,Argentina,Iran,,,1.0,0.0,,,"Estádio Mineirão, Belo Horizonte","Estádio Mineirão, Belo Horizonte",completed,,
openfootball,2014,Brazil 2014,,Matchday 10,Group F,Nigeria,Bosnia-Herzegovina,,,1.0,0.0,,,"Arena Pantanal, Cuiabá","Arena Pantanal, Cuiabá",completed,,
openfootball,2014,Brazil 2014,,Matchday 14,Group F,Nigeria,Argentina,,,2.0,3.0,,,"Estádio Beira-Rio, Porto Alegre","Estádio Beira-Rio, Porto Alegre",completed,,
openfootball,2014,Brazil 2014,,Matchday 14,Group F,Bosnia-Herzegovina,Iran,,,3.0,1.0,,,"Arena Fonte Nova, Salvador","Arena Fonte Nova, Salvador",completed,,
openfootball,2014,Brazil 2014,,Matchday 5,Group G,Germany,Portugal,,,4.0,0.0,,,"Arena Fonte Nova, Salvador","Arena Fonte Nova, Salvador",completed,,
openfootball,2014,Brazil 2014,,Matchday 5,Group G,Ghana,USA,,,1.0,2.0,,,"Estádio das Dunas, Natal","Estádio das Dunas, Natal",completed,,
openfootball,2014,Brazil 2014,,Matchday 10,Group G,Germany,Ghana,,,2.0,2.0,,,"Estádio Castelão, Fortaleza","Estádio Castelão, Fortaleza",completed,,
openfootball,2014,Brazil 2014,,Matchday 11,Group G,USA,Portugal,,,2.0,2.0,,,"Arena Amazônia, Manaus","Arena Amazônia, Manaus",completed,,
openfootball,2014,Brazil 2014,,Matchday 15,Group G,USA,Germany,,,0.0,1.0,,,"Arena Pernambuco, Recife","Arena Pernambuco, Recife",completed,,
openfootball,2014,Brazil 2014,,Matchday 15,Group G,Portugal,Ghana,,,2.0,1.0,,,"Estádio Nacional Mané Garrincha, Brasília","Estádio Nacional Mané Garrincha, Brasília",completed,,
openfootball,2014,Brazil 2014,,Matchday 6,Group H,Belgium,Algeria,,,2.0,1.0,,,"Estádio Mineirão, Belo Horizonte","Estádio Mineirão, Belo Horizonte",completed,,
openfootball,2014,Brazil 2014,,Matchday 6,Group H,Russia,South Korea,,,1.0,1.0,,,"Arena Pantanal, Cuiabá","Arena Pantanal, Cuiabá",completed,,
openfootball,2014,Brazil 2014,,Matchday 11,Group H,Belgium,Russia,,,1.0,0.0,,,"Estádio do Maracanã, Rio de Janeiro","Estádio do Maracanã, Rio de Janeiro",completed,,
openfootball,2014,Brazil 2014,,Matchday 11,Group H,South Korea,Algeria,,,2.0,4.0,,,"Estádio Beira-Rio, Porto Alegre","Estádio Beira-Rio, Porto Alegre",completed,,
openfootball,2014,Brazil 2014,,Matchday 15,Group H,South Korea,Belgium,,,0.0,1.0,,,"Arena de São Paulo, São Paulo","Arena de São Paulo, São Paulo",completed,,
openfootball,2014,Brazil 2014,,Matchday 15,Group H,Algeria,Russia,,,1.0,1.0,,,"Arena da Baixada, Curitiba","Arena da Baixada, Curitiba",completed,,
openfootball,2014,Brazil 2014,,Round of 16,Round of 16,Brazil,Chile,,,1.0,1.0,1.0,1.0,"Estádio Mineirão, Belo Horizonte","Estádio Mineirão, Belo Horizonte",completed,,
openfootball,2014,Brazil 2014,,Round of 16,Round of 16,Colombia,Uruguay,,,2.0,0.0,1.0,0.0,"Estádio do Maracanã, Rio de Janeiro","Estádio do Maracanã, Rio de Janeiro",completed,,
openfootball,2014,Brazil 2014,,Round of 16,Round of 16,Netherlands,Mexico,,,2.0,1.0,0.0,0.0,"Estádio Castelão, Fortaleza","Estádio Castelão, Fortaleza",completed,,
openfootball,2014,Brazil 2014,,Round of 16,Round of 16,Costa Rica,Greece,,,1.0,1.0,0.0,0.0,"Arena Pernambuco, Recife","Arena Pernambuco, Recife",completed,,
openfootball,2014,Brazil 2014,,Round of 16,Round of 16,France,Nigeria,,,2.0,0.0,0.0,0.0,"Estádio Nacional Mané Garrincha, Brasília","Estádio Nacional Mané Garrincha, Brasília",completed,,
openfootball,2014,Brazil 2014,,Round of 16,Round of 16,Germany,Algeria,,,0.0,0.0,0.0,0.0,"Estádio Beira-Rio, Porto Alegre","Estádio Beira-Rio, Porto Alegre",completed,,
openfootball,2014,Brazil 2014,,Round of 16,Round of 16,Argentina,Switzerland,,,0.0,0.0,0.0,0.0,"Arena de São Paulo, São Paulo","Arena de São Paulo, São Paulo",completed,,
openfootball,2014,Brazil 2014,,Round of 16,Round of 16,Belgium,USA,,,0.0,0.0,0.0,0.0,"Arena Fonte Nova, Salvador","Arena Fonte Nova, Salvador",completed,,
openfootball,2014,Brazil 2014,,Quarter-finals,Quarter-finals,France,Germany,,,0.0,1.0,0.0,1.0,"Estádio do Maracanã, Rio de Janeiro","Estádio do Maracanã, Rio de Janeiro",completed,,
openfootball,2014,Brazil 2014,,Quarter-finals,Quarter-finals,Brazil,Colombia,,,2.0,1.0,1.0,0.0,"Estádio Castelão, Fortaleza","Estádio Castelão, Fortaleza",completed,,
openfootball,2014,Brazil 2014,,Quarter-finals,Quarter-finals,Argentina,Belgium,,,1.0,0.0,1.0,0.0,"Estádio Nacional Mané Garrincha, Brasília","Estádio Nacional Mané Garrincha, Brasília",completed,,
openfootball,2014,Brazil 2014,,Quarter-finals,Quarter-finals,Netherlands,Costa Rica,,,0.0,0.0,0.0,0.0,"Arena Fonte Nova, Salvador","Arena Fonte Nova, Salvador",completed,,
openfootball,2014,Brazil 2014,,Semi-finals,Semi-finals,Brazil,Germany,,,1.0,7.0,0.0,5.0,"Estádio Mineirão, Belo Horizonte","Estádio Mineirão, Belo Horizonte",completed,,
openfootball,2014,Brazil 2014,,Semi-finals,Semi-finals,Netherlands,Argentina,,,0.0,0.0,0.0,0.0,"Arena de São Paulo, São Paulo","Arena de São Paulo, São Paulo",completed,,
openfootball,2014,Brazil 2014,,Match for third place,Match for third place,Brazil,Netherlands,,,0.0,3.0,0.0,2.0,"Estádio Nacional Mané Garrincha, Brasília","Estádio Nacional Mané Garrincha, Brasília",completed,,
openfootball,2014,Brazil 2014,,Final,Final,Germany,Argentina,,,0.0,0.0,0.0,0.0,"Estádio do Maracanã, Rio de Janeiro","Estádio do Maracanã, Rio de Janeiro",completed,,
openfootball,2018,Russia 2018,,Matchday 1,Group A,Russia,Saudi Arabia,,,5.0,0.0,2,0,"Luzhniki Stadium, Moscow","Luzhniki Stadium, Moscow",completed,,
openfootball,2018,Russia 2018,,Matchday 2,Group A,Egypt,Uruguay,,,0.0,1.0,0,0,"Ekaterinburg Arena, Ekaterinburg","Ekaterinburg Arena, Ekaterinburg",completed,,
openfootball,2018,Russia 2018,,Matchday 6,Group A,Russia,Egypt,,,3.0,1.0,0,0,"Saint Petersburg Stadium, Saint Petersburg","Saint Petersburg Stadium, Saint Petersburg",completed,,
openfootball,2018,Russia 2018,,Matchday 7,Group A,Uruguay,Saudi Arabia,,,1.0,0.0,1,0,"Rostov Arena, Rostov-on-Don","Rostov Arena, Rostov-on-Don",completed,,
openfootball,2018,Russia 2018,,Matchday 12,Group A,Uruguay,Russia,,,3.0,0.0,2,0,"Samara Arena, Samara","Samara Arena, Samara",completed,,
openfootball,2018,Russia 2018,,Matchday 12,Group A,Saudi Arabia,Egypt,,,2.0,1.0,1,1,"Volgograd Arena, Volgograd","Volgograd Arena, Volgograd",completed,,
openfootball,2018,Russia 2018,,Matchday 2,Group B,Morocco,Iran,,,0.0,1.0,0,0,"Saint Petersburg Stadium, Saint Petersburg","Saint Petersburg Stadium, Saint Petersburg",completed,,
openfootball,2018,Russia 2018,,Matchday 2,Group B,Portugal,Spain,,,3.0,3.0,2,1,"Fisht Stadium, Sochi","Fisht Stadium, Sochi",completed,,
openfootball,2018,Russia 2018,,Matchday 7,Group B,Portugal,Morocco,,,1.0,0.0,1,0,"Luzhniki Stadium, Moscow","Luzhniki Stadium, Moscow",completed,,
openfootball,2018,Russia 2018,,Matchday 7,Group B,Iran,Spain,,,0.0,1.0,0,0,"Kazan Arena, Kazan","Kazan Arena, Kazan",completed,,
openfootball,2018,Russia 2018,,Matchday 12,Group B,Iran,Portugal,,,1.0,1.0,0,1,"Mordovia Arena, Saransk","Mordovia Arena, Saransk",completed,,
openfootball,2018,Russia 2018,,Matchday 12,Group B,Spain,Morocco,,,2.0,2.0,1,1,"Kaliningrad Stadium, Kaliningrad","Kaliningrad Stadium, Kaliningrad",completed,,
openfootball,2018,Russia 2018,,Matchday 3,Group C,France,Australia,,,2.0,1.0,0,0,"Kazan Arena, Kazan","Kazan Arena, Kazan",completed,,
openfootball,2018,Russia 2018,,Matchday 3,Group C,Peru,Denmark,,,0.0,1.0,0,0,"Mordovia Arena, Saransk","Mordovia Arena, Saransk",completed,,
openfootball,2018,Russia 2018,,Matchday 8,Group C,Denmark,Australia,,,1.0,1.0,1,1,"Samara Arena, Samara","Samara Arena, Samara",completed,,
openfootball,2018,Russia 2018,,Matchday 8,Group C,France,Peru,,,1.0,0.0,1,0,"Ekaterinburg Arena, Ekaterinburg","Ekaterinburg Arena, Ekaterinburg",completed,,
openfootball,2018,Russia 2018,,Matchday 13,Group C,Denmark,France,,,0.0,0.0,0,0,"Luzhniki Stadium, Moscow","Luzhniki Stadium, Moscow",completed,,
openfootball,2018,Russia 2018,,Matchday 13,Group C,Australia,Peru,,,0.0,2.0,0,1,"Fisht Stadium, Sochi","Fisht Stadium, Sochi",completed,,
openfootball,2018,Russia 2018,,Matchday 3,Group D,Argentina,Iceland,,,1.0,1.0,1,1,"Spartak Stadium, Moscow","Spartak Stadium, Moscow",completed,,
openfootball,2018,Russia 2018,,Matchday 3,Group D,Croatia,Nigeria,,,2.0,0.0,1,0,"Kaliningrad Stadium, Kaliningrad","Kaliningrad Stadium, Kaliningrad",completed,,
openfootball,2018,Russia 2018,,Matchday 8,Group D,Argentina,Croatia,,,0.0,3.0,0,0,"Nizhny Novgorod Stadium, Nizhny Novgorod","Nizhny Novgorod Stadium, Nizhny Novgorod",completed,,
openfootball,2018,Russia 2018,,Matchday 9,Group D,Nigeria,Iceland,,,2.0,0.0,0,0,"Volgograd Arena, Volgograd","Volgograd Arena, Volgograd",completed,,
openfootball,2018,Russia 2018,,Matchday 13,Group D,Nigeria,Argentina,,,1.0,2.0,0,1,"Saint Petersburg Stadium, Saint Petersburg","Saint Petersburg Stadium, Saint Petersburg",completed,,
openfootball,2018,Russia 2018,,Matchday 13,Group D,Iceland,Croatia,,,1.0,2.0,0,0,"Rostov Arena, Rostov-on-Don","Rostov Arena, Rostov-on-Don",completed,,
openfootball,2018,Russia 2018,,Matchday 4,Group E,Costa Rica,Serbia,,,0.0,1.0,0,0,"Samara Arena, Samara","Samara Arena, Samara",completed,,
openfootball,2018,Russia 2018,,Matchday 4,Group E,Brazil,Switzerland,,,1.0,1.0,1,0,"Rostov Arena, Rostov-on-Don","Rostov Arena, Rostov-on-Don",completed,,
openfootball,2018,Russia 2018,,Matchday 9,Group E,Brazil,Costa Rica,,,2.0,0.0,0,0,"Saint Petersburg Stadium, Saint Petersburg","Saint Petersburg Stadium, Saint Petersburg",completed,,
openfootball,2018,Russia 2018,,Matchday 9,Group E,Serbia,Switzerland,,,1.0,2.0,1,0,"Kaliningrad Stadium, Kaliningrad","Kaliningrad Stadium, Kaliningrad",completed,,
openfootball,2018,Russia 2018,,Matchday 14,Group E,Serbia,Brazil,,,0.0,2.0,0,1,"Spartak Stadium, Moscow","Spartak Stadium, Moscow",completed,,
openfootball,2018,Russia 2018,,Matchday 14,Group E,Switzerland,Costa Rica,,,2.0,2.0,1,0,"Nizhny Novgorod Stadium, Nizhny Novgorod","Nizhny Novgorod Stadium, Nizhny Novgorod",completed,,
openfootball,2018,Russia 2018,,Matchday 4,Group F,Germany,Mexico,,,0.0,1.0,0,1,"Luzhniki Stadium, Moscow","Luzhniki Stadium, Moscow",completed,,
openfootball,2018,Russia 2018,,Matchday 5,Group F,Sweden,South Korea,,,1.0,0.0,0,0,"Nizhny Novgorod Stadium, Nizhny Novgorod","Nizhny Novgorod Stadium, Nizhny Novgorod",completed,,
openfootball,2018,Russia 2018,,Matchday 10,Group F,South Korea,Mexico,,,1.0,2.0,0,1,"Rostov Arena, Rostov-on-Don","Rostov Arena, Rostov-on-Don",completed,,
openfootball,2018,Russia 2018,,Matchday 10,Group F,Germany,Sweden,,,2.0,1.0,0,1,"Fisht Stadium, Sochi","Fisht Stadium, Sochi",completed,,
openfootball,2018,Russia 2018,,Matchday 14,Group F,South Korea,Germany,,,2.0,0.0,0,0,"Kazan Arena, Kazan","Kazan Arena, Kazan",completed,,
openfootball,2018,Russia 2018,,Matchday 14,Group F,Mexico,Sweden,,,0.0,3.0,0,0,"Ekaterinburg Arena, Ekaterinburg","Ekaterinburg Arena, Ekaterinburg",completed,,
openfootball,2018,Russia 2018,,Matchday 5,Group G,Belgium,Panama,,,3.0,0.0,0,0,"Fisht Stadium, Sochi","Fisht Stadium, Sochi",completed,,
openfootball,2018,Russia 2018,,Matchday 5,Group G,Tunisia,England,,,1.0,2.0,1,1,"Volgograd Arena, Volgograd","Volgograd Arena, Volgograd",completed,,
openfootball,2018,Russia 2018,,Matchday 10,Group G,Belgium,Tunisia,,,5.0,2.0,3,1,"Spartak Stadium, Moscow","Spartak Stadium, Moscow",completed,,
openfootball,2018,Russia 2018,,Matchday 11,Group G,England,Panama,,,6.0,1.0,5,0,"Nizhny Novgorod Stadium, Nizhny Novgorod","Nizhny Novgorod Stadium, Nizhny Novgorod",completed,,
openfootball,2018,Russia 2018,,Matchday 15,Group G,England,Belgium,,,0.0,1.0,0,0,"Kaliningrad Stadium, Kaliningrad","Kaliningrad Stadium, Kaliningrad",completed,,
openfootball,2018,Russia 2018,,Matchday 15,Group G,Panama,Tunisia,,,1.0,2.0,1,0,"Mordovia Arena, Saransk","Mordovia Arena, Saransk",completed,,
openfootball,2018,Russia 2018,,Matchday 6,Group H,Colombia,Japan,,,1.0,2.0,1,1,"Mordovia Arena, Saransk","Mordovia Arena, Saransk",completed,,
openfootball,2018,Russia 2018,,Matchday 6,Group H,Poland,Senegal,,,1.0,2.0,0,1,"Spartak Stadium, Moscow","Spartak Stadium, Moscow",completed,,
openfootball,2018,Russia 2018,,Matchday 11,Group H,Japan,Senegal,,,2.0,2.0,1,1,"Ekaterinburg Arena, Ekaterinburg","Ekaterinburg Arena, Ekaterinburg",completed,,
openfootball,2018,Russia 2018,,Matchday 11,Group H,Poland,Colombia,,,0.0,3.0,0,1,"Kazan Arena, Kazan","Kazan Arena, Kazan",completed,,
openfootball,2018,Russia 2018,,Matchday 15,Group H,Japan,Poland,,,0.0,1.0,0,1,"Volgograd Arena, Volgograd","Volgograd Arena, Volgograd",completed,,
openfootball,2018,Russia 2018,,Matchday 15,Group H,Senegal,Colombia,,,0.0,1.0,0,1,"Samara Arena, Samara","Samara Arena, Samara",completed,,
openfootball,2018,Russia 2018,,Round of 16,Round of 16,France,Argentina,,,4.0,3.0,1,1,"Kazan Arena, Kazan","Kazan Arena, Kazan",completed,,
openfootball,2018,Russia 2018,,Round of 16,Round of 16,Uruguay,Portugal,,,2.0,1.0,1,0,"Fisht Stadium, Sochi","Fisht Stadium, Sochi",completed,,
openfootball,2018,Russia 2018,,Round of 16,Round of 16,Spain,Russia,,,1.0,1.0,1,1,"Luzhniki Stadium, Moscow","Luzhniki Stadium, Moscow",completed,,
openfootball,2018,Russia 2018,,Round of 16,Round of 16,Croatia,Denmark,,,1.0,1.0,1,1,"Nizhny Novgorod Stadium, Nizhny Novgorod","Nizhny Novgorod Stadium, Nizhny Novgorod",completed,,
openfootball,2018,Russia 2018,,Round of 16,Round of 16,Brazil,Mexico,,,2.0,0.0,0,0,"Samara Arena, Samara","Samara Arena, Samara",completed,,
openfootball,2018,Russia 2018,,Round of 16,Round of 16,Belgium,Japan,,,3.0,2.0,0,0,"Rostov Arena, Rostov-on-Don","Rostov Arena, Rostov-on-Don",completed,,
openfootball,2018,Russia 2018,,Round of 16,Round of 16,Sweden,Switzerland,,,1.0,0.0,0,0,"Saint Petersburg Stadium, Saint Petersburg","Saint Petersburg Stadium, Saint Petersburg",completed,,
openfootball,2018,Russia 2018,,Round of 16,Round of 16,Colombia,England,,,1.0,1.0,0,0,"Spartak Stadium, Moscow","Spartak Stadium, Moscow",completed,,
openfootball,2018,Russia 2018,,Quarter-finals,Quarter-finals,Uruguay,France,,,0.0,2.0,0,1,"Nizhny Novgorod Stadium, Nizhny Novgorod","Nizhny Novgorod Stadium, Nizhny Novgorod",completed,,
openfootball,2018,Russia 2018,,Quarter-finals,Quarter-finals,Brazil,Belgium,,,1.0,2.0,0,2,"Kazan Arena, Kazan","Kazan Arena, Kazan",completed,,
openfootball,2018,Russia 2018,,Quarter-finals,Quarter-finals,Sweden,England,,,0.0,2.0,0,1,"Samara Arena, Samara","Samara Arena, Samara",completed,,
openfootball,2018,Russia 2018,,Quarter-finals,Quarter-finals,Russia,Croatia,,,1.0,1.0,1,1,"Fisht Stadium, Sochi","Fisht Stadium, Sochi",completed,,
openfootball,2018,Russia 2018,,Semi-finals,Semi-finals,France,Belgium,,,1.0,0.0,0,0,"Saint Petersburg Stadium, St. Petersburg","Saint Petersburg Stadium, St. Petersburg",completed,,
openfootball,2018,Russia 2018,,Semi-finals,Semi-finals,Croatia,England,,,1.0,1.0,0,1,"Luzhniki Stadium, Moscow","Luzhniki Stadium, Moscow",completed,,
openfootball,2018,Russia 2018,,Match for third place,Match for third place,Belgium,England,,,2.0,0.0,1,0,"Saint Petersburg Stadium, St. Petersburg","Saint Petersburg Stadium, St. Petersburg",completed,,
openfootball,2018,Russia 2018,,Final,Final,France,Croatia,,,4.0,2.0,2,1,"Luzhniki Stadium, Moscow","Luzhniki Stadium, Moscow",completed,,
openfootball,2022,Qatar 2022,2022-11-20 00:00:00+00:00,Matchday 1,Group A,Qatar,Ecuador,,,0.0,2.0,0.0,2.0,"Al Bayt Stadium, Al Khor","Al Bayt Stadium, Al Khor",completed,,
openfootball,2022,Qatar 2022,2022-11-21 00:00:00+00:00,Matchday 2,Group A,Senegal,Netherlands,,,0.0,2.0,0.0,0.0,"Al Thumama Stadium, Doha","Al Thumama Stadium, Doha",completed,,
openfootball,2022,Qatar 2022,2022-11-25 00:00:00+00:00,Matchday 6,Group A,Qatar,Senegal,,,1.0,3.0,0.0,1.0,"Al Thumama Stadium, Doha","Al Thumama Stadium, Doha",completed,,
openfootball,2022,Qatar 2022,2022-11-25 00:00:00+00:00,Matchday 6,Group A,Netherlands,Ecuador,,,1.0,1.0,1.0,0.0,"Khalifa International Stadium, Al Rayyan","Khalifa International Stadium, Al Rayyan",completed,,
openfootball,2022,Qatar 2022,2022-11-29 00:00:00+00:00,Matchday 10,Group A,Ecuador,Senegal,,,1.0,2.0,0.0,1.0,"Khalifa International Stadium, Al Rayyan","Khalifa International Stadium, Al Rayyan",completed,,
openfootball,2022,Qatar 2022,2022-11-29 00:00:00+00:00,Matchday 10,Group A,Netherlands,Qatar,,,2.0,0.0,1.0,0.0,"Al Bayt Stadium, Al Khor","Al Bayt Stadium, Al Khor",completed,,
openfootball,2022,Qatar 2022,2022-11-21 00:00:00+00:00,Matchday 2,Group B,England,Iran,,,6.0,2.0,3.0,0.0,"Khalifa International Stadium, Al Rayyan","Khalifa International Stadium, Al Rayyan",completed,,
openfootball,2022,Qatar 2022,2022-11-21 00:00:00+00:00,Matchday 2,Group B,USA,Wales,,,1.0,1.0,1.0,0.0,"Ahmad bin Ali Stadium, Al Rayyan","Ahmad bin Ali Stadium, Al Rayyan",completed,,
openfootball,2022,Qatar 2022,2022-11-25 00:00:00+00:00,Matchday 6,Group B,Wales,Iran,,,0.0,2.0,0.0,0.0,"Ahmad bin Ali Stadium, Al Rayyan","Ahmad bin Ali Stadium, Al Rayyan",completed,,
openfootball,2022,Qatar 2022,2022-11-25 00:00:00+00:00,Matchday 6,Group B,England,USA,,,0.0,0.0,,,"Al Bayt Stadium, Al Khor","Al Bayt Stadium, Al Khor",completed,,
openfootball,2022,Qatar 2022,2022-11-29 00:00:00+00:00,Matchday 10,Group B,Wales,England,,,0.0,3.0,0.0,0.0,"Ahmad bin Ali Stadium, Al Rayyan","Ahmad bin Ali Stadium, Al Rayyan",completed,,
openfootball,2022,Qatar 2022,2022-11-29 00:00:00+00:00,Matchday 10,Group B,Iran,USA,,,0.0,1.0,0.0,1.0,"Al Thumama Stadium, Doha","Al Thumama Stadium, Doha",completed,,
openfootball,2022,Qatar 2022,2022-11-22 00:00:00+00:00,Matchday 3,Group C,Argentina,Saudi Arabia,,,1.0,2.0,1.0,0.0,"Lusail Iconic Stadium, Lusail","Lusail Iconic Stadium, Lusail",completed,,
openfootball,2022,Qatar 2022,2022-11-22 00:00:00+00:00,Matchday 3,Group C,Mexico,Poland,,,0.0,0.0,,,"Stadium 974, Doha","Stadium 974, Doha",completed,,
openfootball,2022,Qatar 2022,2022-11-26 00:00:00+00:00,Matchday 7,Group C,Poland,Saudi Arabia,,,2.0,0.0,1.0,0.0,"Education City Stadium, Al Rayyan","Education City Stadium, Al Rayyan",completed,,
openfootball,2022,Qatar 2022,2022-11-26 00:00:00+00:00,Matchday 7,Group C,Argentina,Mexico,,,2.0,0.0,0.0,0.0,"Lusail Iconic Stadium, Lusail","Lusail Iconic Stadium, Lusail",completed,,
openfootball,2022,Qatar 2022,2022-11-30 00:00:00+00:00,Matchday 11,Group C,Poland,Argentina,,,0.0,2.0,0.0,0.0,"Stadium 974, Doha","Stadium 974, Doha",completed,,
openfootball,2022,Qatar 2022,2022-11-30 00:00:00+00:00,Matchday 11,Group C,Saudi Arabia,Mexico,,,1.0,2.0,0.0,0.0,"Lusail Iconic Stadium, Lusail","Lusail Iconic Stadium, Lusail",completed,,
openfootball,2022,Qatar 2022,2022-11-22 00:00:00+00:00,Matchday 3,Group D,Denmark,Tunisia,,,0.0,0.0,,,"Education City Stadium, Al Rayyan","Education City Stadium, Al Rayyan",completed,,
openfootball,2022,Qatar 2022,2022-11-22 00:00:00+00:00,Matchday 3,Group D,France,Australia,,,4.0,1.0,2.0,1.0,"Al Janoub Stadium, Al Wakrah","Al Janoub Stadium, Al Wakrah",completed,,
openfootball,2022,Qatar 2022,2022-11-26 00:00:00+00:00,Matchday 7,Group D,Tunisia,Australia,,,0.0,1.0,0.0,1.0,"Al Janoub Stadium, Al Wakrah","Al Janoub Stadium, Al Wakrah",completed,,
openfootball,2022,Qatar 2022,2022-11-26 00:00:00+00:00,Matchday 7,Group D,France,Denmark,,,2.0,1.0,0.0,0.0,"Stadium 974, Doha","Stadium 974, Doha",completed,,
openfootball,2022,Qatar 2022,2022-11-30 00:00:00+00:00,Matchday 11,Group D,Australia,Denmark,,,1.0,0.0,0.0,0.0,"Al Janoub Stadium, Al Wakrah","Al Janoub Stadium, Al Wakrah",completed,,
openfootball,2022,Qatar 2022,2022-11-30 00:00:00+00:00,Matchday 11,Group D,Tunisia,France,,,1.0,0.0,0.0,0.0,"Education City Stadium, Al Rayyan","Education City Stadium, Al Rayyan",completed,,
openfootball,2022,Qatar 2022,2022-11-23 00:00:00+00:00,Matchday 4,Group E,Germany,Japan,,,1.0,2.0,1.0,0.0,"Khalifa International Stadium, Al Rayyan","Khalifa International Stadium, Al Rayyan",completed,,
openfootball,2022,Qatar 2022,2022-11-23 00:00:00+00:00,Matchday 4,Group E,Spain,Costa Rica,,,7.0,0.0,3.0,0.0,"Al Thumama Stadium, Doha","Al Thumama Stadium, Doha",completed,,
openfootball,2022,Qatar 2022,2022-11-27 00:00:00+00:00,Matchday 8,Group E,Japan,Costa Rica,,,0.0,1.0,0.0,0.0,"Ahmad bin Ali Stadium, Al Rayyan","Ahmad bin Ali Stadium, Al Rayyan",completed,,
openfootball,2022,Qatar 2022,2022-11-27 00:00:00+00:00,Matchday 8,Group E,Spain,Germany,,,1.0,1.0,0.0,0.0,"Al Bayt Stadium, Al Khor","Al Bayt Stadium, Al Khor",completed,,
openfootball,2022,Qatar 2022,2022-12-01 00:00:00+00:00,Matchday 12,Group E,Japan,Spain,,,2.0,1.0,0.0,0.0,"Khalifa International Stadium, Al Rayyan","Khalifa International Stadium, Al Rayyan",completed,,
openfootball,2022,Qatar 2022,2022-12-01 00:00:00+00:00,Matchday 12,Group E,Costa Rica,Germany,,,2.0,4.0,0.0,1.0,"Al Bayt Stadium, Al Khor","Al Bayt Stadium, Al Khor",completed,,
openfootball,2022,Qatar 2022,2022-11-23 00:00:00+00:00,Matchday 4,Group F,Morocco,Croatia,,,0.0,0.0,,,"Al Bayt Stadium, Al Khor","Al Bayt Stadium, Al Khor",completed,,
openfootball,2022,Qatar 2022,2022-11-23 00:00:00+00:00,Matchday 4,Group F,Belgium,Canada,,,1.0,0.0,1.0,0.0,"Ahmad bin Ali Stadium, Al Rayyan","Ahmad bin Ali Stadium, Al Rayyan",completed,,
openfootball,2022,Qatar 2022,2022-11-27 00:00:00+00:00,Matchday 8,Group F,Belgium,Morocco,,,0.0,2.0,0.0,0.0,"Al Thumama Stadium, Doha","Al Thumama Stadium, Doha",completed,,
openfootball,2022,Qatar 2022,2022-11-27 00:00:00+00:00,Matchday 8,Group F,Croatia,Canada,,,4.0,1.0,2.0,1.0,"Khalifa International Stadium, Al Rayyan","Khalifa International Stadium, Al Rayyan",completed,,
openfootball,2022,Qatar 2022,2022-12-01 00:00:00+00:00,Matchday 12,Group F,Croatia,Belgium,,,0.0,0.0,,,"Ahmad bin Ali Stadium, Al Rayyan","Ahmad bin Ali Stadium, Al Rayyan",completed,,
openfootball,2022,Qatar 2022,2022-12-01 00:00:00+00:00,Matchday 12,Group F,Canada,Morocco,,,1.0,2.0,1.0,2.0,"Al Thumama Stadium, Doha","Al Thumama Stadium, Doha",completed,,
openfootball,2022,Qatar 2022,2022-11-24 00:00:00+00:00,Matchday 5,Group G,Switzerland,Cameroon,,,1.0,0.0,0.0,0.0,"Al Janoub Stadium, Al Wakrah","Al Janoub Stadium, Al Wakrah",completed,,
openfootball,2022,Qatar 2022,2022-11-24 00:00:00+00:00,Matchday 5,Group G,Brazil,Serbia,,,2.0,0.0,0.0,0.0,"Lusail Iconic Stadium, Lusail","Lusail Iconic Stadium, Lusail",completed,,
openfootball,2022,Qatar 2022,2022-11-28 00:00:00+00:00,Matchday 9,Group G,Cameroon,Serbia,,,3.0,3.0,1.0,2.0,"Al Janoub Stadium, Al Wakrah","Al Janoub Stadium, Al Wakrah",completed,,
openfootball,2022,Qatar 2022,2022-11-28 00:00:00+00:00,Matchday 9,Group G,Brazil,Switzerland,,,1.0,0.0,0.0,0.0,"Stadium 974, Doha","Stadium 974, Doha",completed,,
openfootball,2022,Qatar 2022,2022-12-02 00:00:00+00:00,Matchday 13,Group G,Serbia,Switzerland,,,2.0,3.0,2.0,1.0,"Stadium 974, Doha","Stadium 974, Doha",completed,,
openfootball,2022,Qatar 2022,2022-12-02 00:00:00+00:00,Matchday 13,Group G,Cameroon,Brazil,,,1.0,0.0,0.0,0.0,"Lusail Iconic Stadium, Lusail","Lusail Iconic Stadium, Lusail",completed,,
openfootball,2022,Qatar 2022,2022-11-24 00:00:00+00:00,Matchday 5,Group H,Uruguay,South Korea,,,0.0,0.0,,,"Education City Stadium, Al Rayyan","Education City Stadium, Al Rayyan",completed,,
openfootball,2022,Qatar 2022,2022-11-24 00:00:00+00:00,Matchday 5,Group H,Portugal,Ghana,,,3.0,2.0,0.0,0.0,"Stadium 974, Doha","Stadium 974, Doha",completed,,
openfootball,2022,Qatar 2022,2022-11-28 00:00:00+00:00,Matchday 9,Group H,South Korea,Ghana,,,2.0,3.0,0.0,2.0,"Education City Stadium, Al Rayyan","Education City Stadium, Al Rayyan",completed,,
openfootball,2022,Qatar 2022,2022-11-28 00:00:00+00:00,Matchday 9,Group H,Portugal,Uruguay,,,2.0,0.0,0.0,0.0,"Lusail Iconic Stadium, Lusail","Lusail Iconic Stadium, Lusail",completed,,
openfootball,2022,Qatar 2022,2022-12-02 00:00:00+00:00,Matchday 13,Group H,Ghana,Uruguay,,,0.0,2.0,,,"Al Janoub Stadium, Al Wakrah","Al Janoub Stadium, Al Wakrah",completed,,
openfootball,2022,Qatar 2022,2022-12-02 00:00:00+00:00,Matchday 13,Group H,South Korea,Portugal,,,2.0,1.0,1.0,1.0,"Lusail Iconic Stadium, Lusail","Lusail Iconic Stadium, Lusail",completed,,
openfootball,2022,Qatar 2022,2022-12-03 00:00:00+00:00,Round of 16,Round of 16,Netherlands,USA,,,3.0,1.0,2.0,0.0,"Khalifa International Stadium, Al Rayyan","Khalifa International Stadium, Al Rayyan",completed,,
openfootball,2022,Qatar 2022,2022-12-03 00:00:00+00:00,Round of 16,Round of 16,Argentina,Australia,,,2.0,1.0,1.0,0.0,"Ahmad bin Ali Stadium, Al Rayyan","Ahmad bin Ali Stadium, Al Rayyan",completed,,
openfootball,2022,Qatar 2022,2022-12-04 00:00:00+00:00,Round of 16,Round of 16,France,Poland,,,3.0,1.0,1.0,0.0,"Al Thumama Stadium, Doha","Al Thumama Stadium, Doha",completed,,
openfootball,2022,Qatar 2022,2022-12-04 00:00:00+00:00,Round of 16,Round of 16,England,Senegal,,,3.0,0.0,2.0,0.0,"Al Bayt Stadium, Al Khor","Al Bayt Stadium, Al Khor",completed,,
openfootball,2022,Qatar 2022,2022-12-05 00:00:00+00:00,Round of 16,Round of 16,Japan,Croatia,,,1.0,1.0,1.0,0.0,"Al Janoub Stadium, Al Wakrah","Al Janoub Stadium, Al Wakrah",completed,,
openfootball,2022,Qatar 2022,2022-12-05 00:00:00+00:00,Round of 16,Round of 16,Brazil,South Korea,,,4.0,1.0,4.0,0.0,"Stadium 974, Doha","Stadium 974, Doha",completed,,
openfootball,2022,Qatar 2022,2022-12-06 00:00:00+00:00,Round of 16,Round of 16,Morocco,Spain,,,0.0,0.0,0.0,0.0,"Education City Stadium, Al Rayyan","Education City Stadium, Al Rayyan",completed,,
openfootball,2022,Qatar 2022,2022-12-06 00:00:00+00:00,Round of 16,Round of 16,Portugal,Switzerland,,,6.0,1.0,2.0,0.0,"Lusail Iconic Stadium, Lusail","Lusail Iconic Stadium, Lusail",completed,,
openfootball,2022,Qatar 2022,2022-12-09 00:00:00+00:00,Quarter-finals,Quarter-finals,Croatia,Brazil,,,0.0,0.0,0.0,0.0,"Education City Stadium, Al Rayyan","Education City Stadium, Al Rayyan",completed,,
openfootball,2022,Qatar 2022,2022-12-09 00:00:00+00:00,Quarter-finals,Quarter-finals,Netherlands,Argentina,,,2.0,2.0,1.0,0.0,"Lusail Iconic Stadium, Lusail","Lusail Iconic Stadium, Lusail",completed,,
openfootball,2022,Qatar 2022,2022-12-10 00:00:00+00:00,Quarter-finals,Quarter-finals,Morocco,Portugal,,,1.0,0.0,1.0,0.0,"Al Thumama Stadium, Doha","Al Thumama Stadium, Doha",completed,,
openfootball,2022,Qatar 2022,2022-12-10 00:00:00+00:00,Quarter-finals,Quarter-finals,England,France,,,1.0,2.0,0.0,1.0,"Al Bayt Stadium, Al Khor","Al Bayt Stadium, Al Khor",completed,,
openfootball,2022,Qatar 2022,2022-12-13 00:00:00+00:00,Semi-finals,Semi-finals,Argentina,Croatia,,,3.0,0.0,2.0,0.0,"Lusail Iconic Stadium, Lusail","Lusail Iconic Stadium, Lusail",completed,,
openfootball,2022,Qatar 2022,2022-12-14 00:00:00+00:00,Semi-finals,Semi-finals,France,Morocco,,,2.0,0.0,1.0,0.0,"Al Bayt Stadium, Al Khor","Al Bayt Stadium, Al Khor",completed,,
openfootball,2022,Qatar 2022,2022-12-17 00:00:00+00:00,Match for third place,Match for third place,Croatia,Morocco,,,2.0,1.0,2.0,1.0,"Khalifa International Stadium, Al Rayyan","Khalifa International Stadium, Al Rayyan",completed,,
openfootball,2022,Qatar 2022,2022-12-18 00:00:00+00:00,Final,Final,Argentina,France,,,2.0,2.0,2.0,0.0,"Lusail Iconic Stadium, Lusail","Lusail Iconic Stadium, Lusail",completed,,
openfootball,2026,USA/Canada/Mexico 2026,,Matchday 1,Group A,Mexico,South Africa,,,2.0,0.0,1.0,0.0,Mexico City,Mexico City,completed,,
openfootball,2026,USA/Canada/Mexico 2026,,Matchday 1,Group A,South Korea,Czech Republic,,,2.0,1.0,0.0,0.0,Guadalajara (Zapopan),Guadalajara (Zapopan),completed,,
openfootball,2026,USA/Canada/Mexico 2026,,Matchday 8,Group A,Czech Republic,South Africa,,,1.0,1.0,1.0,0.0,Atlanta,Atlanta,completed,,
openfootball,2026,USA/Canada/Mexico 2026,,Matchday 8,Group A,Mexico,South Korea,,,1.0,0.0,0.0,0.0,Guadalajara (Zapopan),Guadalajara (Zapopan),completed,,
openfootball,2026,USA/Canada/Mexico 2026,,Matchday 14,Group A,Czech Republic,Mexico,,,0.0,3.0,0.0,0.0,Mexico City,Mexico City,completed,,
openfootball,2026,USA/Canada/Mexico 2026,,Matchday 14,Group A,South Africa,South Korea,,,1.0,0.0,0.0,0.0,Monterrey (Guadalupe),Monterrey (Guadalupe),completed,,
openfootball,2026,USA/Canada/Mexico 2026,,Matchday 2,Group B,Canada,Bosnia & Herzegovina,,,1.0,1.0,0.0,1.0,Toronto,Toronto,completed,,
openfootball,2026,USA/Canada/Mexico 2026,,Matchday 3,Group B,Qatar,Switzerland,,,1.0,1.0,0.0,1.0,San Francisco Bay Area (Santa Clara),San Francisco Bay Area (Santa Clara),completed,,
openfootball,2026,USA/Canada/Mexico 2026,,Matchday 8,Group B,Switzerland,Bosnia & Herzegovina,,,4.0,1.0,0.0,0.0,Los Angeles (Inglewood),Los Angeles (Inglewood),completed,,
openfootball,2026,USA/Canada/Mexico 2026,,Matchday 8,Group B,Canada,Qatar,,,6.0,0.0,3.0,0.0,Vancouver,Vancouver,completed,,
openfootball,2026,USA/Canada/Mexico 2026,,Matchday 14,Group B,Switzerland,Canada,,,2.0,1.0,0.0,0.0,Vancouver,Vancouver,completed,,
openfootball,2026,USA/Canada/Mexico 2026,,Matchday 14,Group B,Bosnia & Herzegovina,Qatar,,,3.0,1.0,2.0,1.0,Seattle,Seattle,completed,,
openfootball,2026,USA/Canada/Mexico 2026,,Matchday 3,Group C,Brazil,Morocco,,,1.0,1.0,1.0,1.0,New York/New Jersey (East Rutherford),New York/New Jersey (East Rutherford),completed,,
openfootball,2026,USA/Canada/Mexico 2026,,Matchday 3,Group C,Haiti,Scotland,,,0.0,1.0,0.0,1.0,Boston (Foxborough),Boston (Foxborough),completed,,
openfootball,2026,USA/Canada/Mexico 2026,,Matchday 9,Group C,Scotland,Morocco,,,0.0,1.0,0.0,1.0,Boston (Foxborough),Boston (Foxborough),completed,,
openfootball,2026,USA/Canada/Mexico 2026,,Matchday 9,Group C,Brazil,Haiti,,,3.0,0.0,3.0,0.0,Philadelphia,Philadelphia,completed,,
openfootball,2026,USA/Canada/Mexico 2026,,Matchday 14,Group C,Scotland,Brazil,,,0.0,3.0,0.0,2.0,Miami (Miami Gardens),Miami (Miami Gardens),completed,,
openfootball,2026,USA/Canada/Mexico 2026,,Matchday 14,Group C,Morocco,Haiti,,,4.0,2.0,2.0,2.0,Atlanta,Atlanta,completed,,
openfootball,2026,USA/Canada/Mexico 2026,,Matchday 2,Group D,USA,Paraguay,,,4.0,1.0,3.0,0.0,Los Angeles (Inglewood),Los Angeles (Inglewood),completed,,
openfootball,2026,USA/Canada/Mexico 2026,,Matchday 3,Group D,Australia,Turkey,,,2.0,0.0,1.0,0.0,Vancouver,Vancouver,completed,,
openfootball,2026,USA/Canada/Mexico 2026,,Matchday 9,Group D,USA,Australia,,,2.0,0.0,2.0,0.0,Seattle,Seattle,completed,,
openfootball,2026,USA/Canada/Mexico 2026,,Matchday 9,Group D,Turkey,Paraguay,,,0.0,1.0,0.0,1.0,San Francisco Bay Area (Santa Clara),San Francisco Bay Area (Santa Clara),completed,,
openfootball,2026,USA/Canada/Mexico 2026,,Matchday 15,Group D,Turkey,USA,,,3.0,2.0,2.0,1.0,Los Angeles (Inglewood),Los Angeles (Inglewood),completed,,
openfootball,2026,USA/Canada/Mexico 2026,,Matchday 15,Group D,Paraguay,Australia,,,0.0,0.0,0.0,0.0,San Francisco Bay Area (Santa Clara),San Francisco Bay Area (Santa Clara),completed,,
openfootball,2026,USA/Canada/Mexico 2026,,Matchday 4,Group E,Germany,Curaçao,,,7.0,1.0,3.0,1.0,Houston,Houston,completed,,
openfootball,2026,USA/Canada/Mexico 2026,,Matchday 4,Group E,Ivory Coast,Ecuador,,,1.0,0.0,0.0,0.0,Philadelphia,Philadelphia,completed,,
openfootball,2026,USA/Canada/Mexico 2026,,Matchday 10,Group E,Germany,Ivory Coast,,,2.0,1.0,0.0,1.0,Toronto,Toronto,completed,,
openfootball,2026,USA/Canada/Mexico 2026,,Matchday 10,Group E,Ecuador,Curaçao,,,0.0,0.0,0.0,0.0,Kansas City,Kansas City,completed,,
openfootball,2026,USA/Canada/Mexico 2026,,Matchday 15,Group E,Curaçao,Ivory Coast,,,0.0,2.0,0.0,1.0,Philadelphia,Philadelphia,completed,,
openfootball,2026,USA/Canada/Mexico 2026,,Matchday 15,Group E,Ecuador,Germany,,,2.0,1.0,1.0,1.0,New York/New Jersey (East Rutherford),New York/New Jersey (East Rutherford),completed,,
openfootball,2026,USA/Canada/Mexico 2026,,Matchday 4,Group F,Netherlands,Japan,,,2.0,2.0,0.0,0.0,Dallas (Arlington),Dallas (Arlington),completed,,
openfootball,2026,USA/Canada/Mexico 2026,,Matchday 4,Group F,Sweden,Tunisia,,,5.0,1.0,2.0,1.0,Monterrey (Guadalupe),Monterrey (Guadalupe),completed,,
openfootball,2026,USA/Canada/Mexico 2026,,Matchday 10,Group F,Netherlands,Sweden,,,5.0,1.0,2.0,0.0,Houston,Houston,completed,,
openfootball,2026,USA/Canada/Mexico 2026,,Matchday 10,Group F,Tunisia,Japan,,,0.0,4.0,0.0,2.0,Monterrey (Guadalupe),Monterrey (Guadalupe),completed,,
openfootball,2026,USA/Canada/Mexico 2026,,Matchday 15,Group F,Japan,Sweden,,,1.0,1.0,0.0,0.0,Dallas (Arlington),Dallas (Arlington),completed,,
openfootball,2026,USA/Canada/Mexico 2026,,Matchday 15,Group F,Tunisia,Netherlands,,,1.0,3.0,0.0,2.0,Kansas City,Kansas City,completed,,
openfootball,2026,USA/Canada/Mexico 2026,,Matchday 5,Group G,Belgium,Egypt,,,1.0,1.0,0.0,1.0,Seattle,Seattle,completed,,
openfootball,2026,USA/Canada/Mexico 2026,,Matchday 5,Group G,Iran,New Zealand,,,2.0,2.0,1.0,1.0,Los Angeles (Inglewood),Los Angeles (Inglewood),completed,,
openfootball,2026,USA/Canada/Mexico 2026,,Matchday 11,Group G,Belgium,Iran,,,0.0,0.0,0.0,0.0,Los Angeles (Inglewood),Los Angeles (Inglewood),completed,,
openfootball,2026,USA/Canada/Mexico 2026,,Matchday 11,Group G,New Zealand,Egypt,,,1.0,3.0,1.0,0.0,Vancouver,Vancouver,completed,,
openfootball,2026,USA/Canada/Mexico 2026,,Matchday 16,Group G,Egypt,Iran,,,1.0,1.0,1.0,1.0,Seattle,Seattle,completed,,
openfootball,2026,USA/Canada/Mexico 2026,,Matchday 16,Group G,New Zealand,Belgium,,,1.0,5.0,0.0,1.0,Vancouver,Vancouver,completed,,
openfootball,2026,USA/Canada/Mexico 2026,,Matchday 5,Group H,Spain,Cape Verde,,,0.0,0.0,0.0,0.0,Atlanta,Atlanta,completed,,
openfootball,2026,USA/Canada/Mexico 2026,,Matchday 5,Group H,Saudi Arabia,Uruguay,,,1.0,1.0,1.0,0.0,Miami (Miami Gardens),Miami (Miami Gardens),completed,,
openfootball,2026,USA/Canada/Mexico 2026,,Matchday 11,Group H,Spain,Saudi Arabia,,,4.0,0.0,3.0,0.0,Atlanta,Atlanta,completed,,
openfootball,2026,USA/Canada/Mexico 2026,,Matchday 11,Group H,Uruguay,Cape Verde,,,2.0,2.0,2.0,1.0,Miami (Miami Gardens),Miami (Miami Gardens),completed,,
openfootball,2026,USA/Canada/Mexico 2026,,Matchday 16,Group H,Cape Verde,Saudi Arabia,,,0.0,0.0,0.0,0.0,Houston,Houston,completed,,
openfootball,2026,USA/Canada/Mexico 2026,,Matchday 16,Group H,Uruguay,Spain,,,0.0,1.0,0.0,1.0,Guadalajara (Zapopan),Guadalajara (Zapopan),completed,,
openfootball,2026,USA/Canada/Mexico 2026,,Matchday 6,Group I,France,Senegal,,,3.0,1.0,0.0,0.0,New York/New Jersey (East Rutherford),New York/New Jersey (East Rutherford),completed,,
openfootball,2026,USA/Canada/Mexico 2026,,Matchday 6,Group I,Iraq,Norway,,,1.0,4.0,1.0,2.0,Boston (Foxborough),Boston (Foxborough),completed,,
openfootball,2026,USA/Canada/Mexico 2026,,Matchday 12,Group I,France,Iraq,,,3.0,0.0,1.0,0.0,Philadelphia,Philadelphia,completed,,
openfootball,2026,USA/Canada/Mexico 2026,,Matchday 12,Group I,Norway,Senegal,,,3.0,2.0,1.0,0.0,New York/New Jersey (East Rutherford),New York/New Jersey (East Rutherford),completed,,
openfootball,2026,USA/Canada/Mexico 2026,,Matchday 16,Group I,Norway,France,,,1.0,4.0,1.0,3.0,Boston (Foxborough),Boston (Foxborough),completed,,
openfootball,2026,USA/Canada/Mexico 2026,,Matchday 16,Group I,Senegal,Iraq,,,5.0,0.0,1.0,0.0,Toronto,Toronto,completed,,
openfootball,2026,USA/Canada/Mexico 2026,,Matchday 6,Group J,Argentina,Algeria,,,3.0,0.0,1.0,0.0,Kansas City,Kansas City,completed,,
openfootball,2026,USA/Canada/Mexico 2026,,Matchday 6,Group J,Austria,Jordan,,,3.0,1.0,1.0,0.0,San Francisco Bay Area (Santa Clara),San Francisco Bay Area (Santa Clara),completed,,
openfootball,2026,USA/Canada/Mexico 2026,,Matchday 12,Group J,Argentina,Austria,,,2.0,0.0,1.0,0.0,Dallas (Arlington),Dallas (Arlington),completed,,
openfootball,2026,USA/Canada/Mexico 2026,,Matchday 12,Group J,Jordan,Algeria,,,1.0,2.0,1.0,0.0,San Francisco Bay Area (Santa Clara),San Francisco Bay Area (Santa Clara),completed,,
openfootball,2026,USA/Canada/Mexico 2026,,Matchday 17,Group J,Algeria,Austria,,,3.0,3.0,1.0,1.0,Kansas City,Kansas City,completed,,
openfootball,2026,USA/Canada/Mexico 2026,,Matchday 17,Group J,Jordan,Argentina,,,1.0,3.0,0.0,2.0,Dallas (Arlington),Dallas (Arlington),completed,,
openfootball,2026,USA/Canada/Mexico 2026,,Matchday 7,Group K,Portugal,DR Congo,,,1.0,1.0,1.0,1.0,Houston,Houston,completed,,
openfootball,2026,USA/Canada/Mexico 2026,,Matchday 7,Group K,Uzbekistan,Colombia,,,1.0,3.0,0.0,1.0,Mexico City,Mexico City,completed,,
openfootball,2026,USA/Canada/Mexico 2026,,Matchday 13,Group K,Portugal,Uzbekistan,,,5.0,0.0,3.0,0.0,Houston,Houston,completed,,
openfootball,2026,USA/Canada/Mexico 2026,,Matchday 13,Group K,Colombia,DR Congo,,,1.0,0.0,0.0,0.0,Guadalajara (Zapopan),Guadalajara (Zapopan),completed,,
openfootball,2026,USA/Canada/Mexico 2026,,Matchday 17,Group K,Colombia,Portugal,,,0.0,0.0,0.0,0.0,Miami (Miami Gardens),Miami (Miami Gardens),completed,,
openfootball,2026,USA/Canada/Mexico 2026,,Matchday 17,Group K,DR Congo,Uzbekistan,,,3.0,1.0,0.0,1.0,Atlanta,Atlanta,completed,,
openfootball,2026,USA/Canada/Mexico 2026,,Matchday 7,Group L,England,Croatia,,,4.0,2.0,2.0,2.0,Dallas (Arlington),Dallas (Arlington),completed,,
openfootball,2026,USA/Canada/Mexico 2026,,Matchday 7,Group L,Ghana,Panama,,,1.0,0.0,0.0,0.0,Toronto,Toronto,completed,,
openfootball,2026,USA/Canada/Mexico 2026,,Matchday 13,Group L,England,Ghana,,,0.0,0.0,0.0,0.0,Boston (Foxborough),Boston (Foxborough),completed,,
openfootball,2026,USA/Canada/Mexico 2026,,Matchday 13,Group L,Panama,Croatia,,,0.0,1.0,0.0,0.0,Toronto,Toronto,completed,,
openfootball,2026,USA/Canada/Mexico 2026,,Matchday 17,Group L,Panama,England,,,0.0,2.0,0.0,0.0,New York/New Jersey (East Rutherford),New York/New Jersey (East Rutherford),completed,,
openfootball,2026,USA/Canada/Mexico 2026,,Matchday 17,Group L,Croatia,Ghana,,,2.0,1.0,1.0,0.0,Philadelphia,Philadelphia,completed,,
openfootball,2026,USA/Canada/Mexico 2026,,Round of 32,Round of 32,South Africa,Canada,,,0.0,1.0,0.0,0.0,Los Angeles (Inglewood),Los Angeles (Inglewood),completed,,
openfootball,2026,USA/Canada/Mexico 2026,,Round of 32,Round of 32,Germany,Paraguay,,,1.0,1.0,0.0,1.0,Boston (Foxborough),Boston (Foxborough),completed,,
openfootball,2026,USA/Canada/Mexico 2026,,Round of 32,Round of 32,Netherlands,Morocco,,,1.0,1.0,0.0,0.0,Monterrey (Guadalupe),Monterrey (Guadalupe),completed,,
openfootball,2026,USA/Canada/Mexico 2026,,Round of 32,Round of 32,Brazil,Japan,,,2.0,1.0,0.0,1.0,Houston,Houston,completed,,
openfootball,2026,USA/Canada/Mexico 2026,,Round of 32,Round of 32,France,Sweden,,,3.0,0.0,1.0,0.0,New York/New Jersey (East Rutherford),New York/New Jersey (East Rutherford),completed,,
openfootball,2026,USA/Canada/Mexico 2026,,Round of 32,Round of 32,Ivory Coast,Norway,,,1.0,2.0,0.0,1.0,Dallas (Arlington),Dallas (Arlington),completed,,
openfootball,2026,USA/Canada/Mexico 2026,,Round of 32,Round of 32,Mexico,Ecuador,,,2.0,0.0,1.0,0.0,Mexico City,Mexico City,completed,,
openfootball,2026,USA/Canada/Mexico 2026,,Round of 32,Round of 32,England,DR Congo,,,2.0,1.0,0.0,1.0,Atlanta,Atlanta,completed,,
openfootball,2026,USA/Canada/Mexico 2026,,Round of 32,Round of 32,USA,Bosnia & Herzegovina,,,2.0,0.0,1.0,0.0,San Francisco Bay Area (Santa Clara),San Francisco Bay Area (Santa Clara),completed,,
openfootball,2026,USA/Canada/Mexico 2026,,Round of 32,Round of 32,Belgium,Senegal,,,2.0,2.0,0.0,1.0,Seattle,Seattle,completed,,
openfootball,2026,USA/Canada/Mexico 2026,,Round of 32,Round of 32,Portugal,Croatia,,,2.0,1.0,0.0,0.0,Toronto,Toronto,completed,,
openfootball,2026,USA/Canada/Mexico 2026,,Round of 32,Round of 32,Spain,Austria,,,3.0,0.0,1.0,0.0,Los Angeles (Inglewood),Los Angeles (Inglewood),completed,,
openfootball,2026,USA/Canada/Mexico 2026,,Round of 32,Round of 32,Switzerland,Algeria,,,2.0,0.0,1.0,0.0,Vancouver,Vancouver,completed,,
openfootball,2026,USA/Canada/Mexico 2026,,Round of 32,Round of 32,Argentina,Cape Verde,,,1.0,1.0,1.0,0.0,Miami (Miami Gardens),Miami (Miami Gardens),completed,,
openfootball,2026,USA/Canada/Mexico 2026,,Round of 32,Round of 32,Colombia,Ghana,,,1.0,0.0,1.0,0.0,Kansas City,Kansas City,completed,,
openfootball,2026,USA/Canada/Mexico 2026,,Round of 32,Round of 32,Australia,Egypt,,,1.0,1.0,0.0,1.0,Dallas (Arlington),Dallas (Arlington),completed,,
openfootball,2026,USA/Canada/Mexico 2026,,Round of 16,Round of 16,Paraguay,France,,,0.0,1.0,0.0,0.0,Philadelphia,Philadelphia,completed,,
openfootball,2026,USA/Canada/Mexico 2026,,Round of 16,Round of 16,Canada,Morocco,,,0.0,3.0,0.0,0.0,Houston,Houston,completed,,
openfootball,2026,USA/Canada/Mexico 2026,,Round of 16,Round of 16,Brazil,Norway,,,1.0,2.0,0.0,0.0,New York/New Jersey (East Rutherford),New York/New Jersey (East Rutherford),completed,,
openfootball,2026,USA/Canada/Mexico 2026,,Round of 16,Round of 16,Mexico,England,,,2.0,3.0,1.0,2.0,Mexico City,Mexico City,completed,,
openfootball,2026,USA/Canada/Mexico 2026,,Round of 16,Round of 16,Portugal,Spain,,,,,,,Dallas (Arlington),Dallas (Arlington),scheduled,,
openfootball,2026,USA/Canada/Mexico 2026,,Round of 16,Round of 16,USA,Belgium,,,,,,,Seattle,Seattle,scheduled,,
openfootball,2026,USA/Canada/Mexico 2026,,Round of 16,Round of 16,Argentina,Egypt,,,,,,,Atlanta,Atlanta,scheduled,,
openfootball,2026,USA/Canada/Mexico 2026,,Round of 16,Round of 16,Switzerland,Colombia,,,,,,,Vancouver,Vancouver,scheduled,,
openfootball,2026,USA/Canada/Mexico 2026,,Quarter-final,Quarter-final,France,Morocco,,,,,,,Boston (Foxborough),Boston (Foxborough),scheduled,,
openfootball,2026,USA/Canada/Mexico 2026,,Quarter-final,Quarter-final,W93,W94,,,,,,,Los Angeles (Inglewood),Los Angeles (Inglewood),scheduled,,
openfootball,2026,USA/Canada/Mexico 2026,,Quarter-final,Quarter-final,Norway,England,,,,,,,Miami (Miami Gardens),Miami (Miami Gardens),scheduled,,
openfootball,2026,USA/Canada/Mexico 2026,,Quarter-final,Quarter-final,W95,W96,,,,,,,Kansas City,Kansas City,scheduled,,
openfootball,2026,USA/Canada/Mexico 2026,,Semi-final,Semi-final,W97,W98,,,,,,,Dallas (Arlington),Dallas (Arlington),scheduled,,
openfootball,2026,USA/Canada/Mexico 2026,,Semi-final,Semi-final,W99,W100,,,,,,,Atlanta,Atlanta,scheduled,,
openfootball,2026,USA/Canada/Mexico 2026,,Match for third place,Match for third place,L101,L102,,,,,,,Miami (Miami Gardens),Miami (Miami Gardens),scheduled,,
openfootball,2026,USA/Canada/Mexico 2026,,Final,Final,W101,W102,,,,,,,New York/New Jersey (East Rutherford),New York/New Jersey (East Rutherford),scheduled,,
